CHROM,POS,TYPE,REF,ALT,EVIDENCE,FTYPE,STRAND,NT_POS,AA_POS,EFFECT,LOCUS_TAG,GENE,PRODUCT
NODE_4_length_583354_cov_173.439161,48848,complex,ACCA,CCCC,CCCC:17 ACCA:2
NODE_5_length_489396_cov_130.225642,301705,complex,GGGCG,CGGCC,CGGCC:119 GGGCG:17
NODE_6_length_480222_cov_130.185846,383113,complex,GAG,AAC,AAC:33 GAG:0
NODE_6_length_480222_cov_130.185846,383128,complex,GTTAC,CTTAA,CTTAA:33 GTTAC:0
NODE_6_length_480222_cov_130.185846,383144,complex,TCA,CAG,CAG:33 TCA:0
NODE_6_length_480222_cov_130.185846,383161,complex,GCGC,ACGT,ACGT:29 GCGC:0
NODE_6_length_480222_cov_130.185846,385802,snp,C,T,T:60 C:0
NODE_6_length_480222_cov_130.185846,385817,complex,ACCA,CCCG,CCCG:62 ACCA:0
NODE_6_length_480222_cov_130.185846,385829,complex,CGGCT,TGGCC,TGGCC:62 CGGCT:0
NODE_6_length_480222_cov_130.185846,385844,snp,C,T,T:62 C:0
NODE_6_length_480222_cov_130.185846,386082,snp,A,G,G:173 A:0
NODE_10_length_400827_cov_103.762409,376595,snp,T,C,C:75 T:1
NODE_10_length_400827_cov_103.762409,376601,snp,T,C,C:24 T:0
NODE_10_length_400827_cov_103.762409,378239,snp,G,A,A:21 G:0
NODE_10_length_400827_cov_103.762409,379988,snp,G,C,C:10 G:0
NODE_14_length_320156_cov_129.480536,115057,snp,A,T,T:13 A:0
NODE_14_length_320156_cov_129.480536,117124,snp,A,G,G:63 A:0
NODE_14_length_320156_cov_129.480536,117129,snp,T,C,C:37 T:1
NODE_14_length_320156_cov_129.480536,117134,snp,C,T,T:10 C:0
NODE_17_length_295753_cov_114.951650,194448,snp,A,C,C:369 A:72
NODE_18_length_271299_cov_106.090937,26419,snp,A,T,T:52 A:0
NODE_18_length_271299_cov_106.090937,226923,snp,G,C,C:13 G:1
NODE_22_length_264873_cov_132.585206,45468,snp,A,C,C:20 A:0
NODE_23_length_233610_cov_100.510612,93772,snp,A,G,G:33 A:0
NODE_27_length_203190_cov_119.360942,6987,snp,C,A,A:56 C:4
NODE_34_length_153528_cov_105.552612,39997,snp,T,A,A:11 T:0
NODE_37_length_140998_cov_133.272898,139317,snp,C,A,A:23 C:0
NODE_37_length_140998_cov_133.272898,139329,complex,GATA,AATG,AATG:23 GATA:0
NODE_37_length_140998_cov_133.272898,139344,snp,C,A,A:23 C:0
NODE_37_length_140998_cov_133.272898,139359,complex,TTCAT,ATCAC,ATCAC:24 TTCAT:0
NODE_54_length_88821_cov_118.168882,69905,snp,G,C,C:37 G:0
NODE_58_length_83096_cov_132.045459,29490,snp,C,T,T:33 C:0
NODE_83_length_47615_cov_151.679037,1723,complex,GCTC,CCTT,CCTT:37 GCTC:0
NODE_83_length_47615_cov_151.679037,1742,snp,G,A,A:48 G:0
NODE_83_length_47615_cov_151.679037,1765,snp,T,C,C:46 T:0
NODE_86_length_42583_cov_112.941921,24819,complex,CGTT,TGTC,TGTC:82 CGTT:0
NODE_86_length_42583_cov_112.941921,24828,snp,A,C,C:153 A:0
NODE_86_length_42583_cov_112.941921,24834,snp,G,A,A:221 G:0
NODE_86_length_42583_cov_112.941921,24840,snp,T,C,C:279 T:0
NODE_86_length_42583_cov_112.941921,24852,snp,G,C,C:376 G:0
NODE_86_length_42583_cov_112.941921,24864,snp,G,A,A:455 G:0
NODE_86_length_42583_cov_112.941921,24873,snp,G,A,A:455 G:0
NODE_86_length_42583_cov_112.941921,24891,snp,A,G,G:320 A:0
NODE_86_length_42583_cov_112.941921,24897,complex,GTGT,ATGC,ATGC:220 GTGT:0
NODE_86_length_42583_cov_112.941921,24912,snp,G,A,A:137 G:0
NODE_102_length_31611_cov_89.781626,11156,snp,A,G,G:15 A:0
NODE_130_length_5695_cov_716.214007,4024,snp,A,T,T:185 A:0
