NC_000964.3	2086699	489.234906
NC_000964.3	1036878	448.304375
NC_000964.3	458989	511.538932
NC_000964.3	306395	467.774254
NC_000964.3	59674	441.305121
NC_000964.3	55182	427.634571
NC_000964.3	15454	418.447821
NC_000964.3	25456	4415.041573
NC_000964.3	16270	3626.538804
NC_000964.3	685	1301.036508
GCF_000006765.1_ASM676v1_genomic	301880	8.515439
GCF_000006765.1_ASM676v1_genomic	238637	8.270495
GCF_000006765.1_ASM676v1_genomic	247330	4.929871
GCF_000006765.1_ASM676v1_genomic	228581	4.745044
GCF_000006765.1_ASM676v1_genomic	159728	6.137713
GCF_000006765.1_ASM676v1_genomic	152695	4.467813
GCF_000006765.1_ASM676v1_genomic	128013	9.923976
GCF_000006765.1_ASM676v1_genomic	117167	7.513372
GCF_000006765.1_ASM676v1_genomic	119310	6.688769
GCF_000006765.1_ASM676v1_genomic	118666	4.472216
GCF_000006765.1_ASM676v1_genomic	118187	3.931128
GCF_000006765.1_ASM676v1_genomic	116752	8.357807
GCF_000006765.1_ASM676v1_genomic	106423	5.018411
GCF_000006765.1_ASM676v1_genomic	103817	4.956684
GCF_000006765.1_ASM676v1_genomic	97183	5.555305
GCF_000006765.1_ASM676v1_genomic	100583	4.792395
GCF_000006765.1_ASM676v1_genomic	98319	5.205833
GCF_000006765.1_ASM676v1_genomic	95393	4.748902
GCF_000006765.1_ASM676v1_genomic	92944	5.449009
GCF_000006765.1_ASM676v1_genomic	88547	6.700005
GCF_000006765.1_ASM676v1_genomic	79565	5.692303
GCF_000006765.1_ASM676v1_genomic	73733	4.319566
GCF_000006765.1_ASM676v1_genomic	71715	4.040685
GCF_000006765.1_ASM676v1_genomic	68458	6.219971
GCF_000006765.1_ASM676v1_genomic	65647	13.130001
GCF_000006765.1_ASM676v1_genomic	63948	5.307728
GCF_000006765.1_ASM676v1_genomic	63369	4.368416
GCF_000006765.1_ASM676v1_genomic	63313	4.117930
GCF_000006765.1_ASM676v1_genomic	61887	3.873744
GCF_000006765.1_ASM676v1_genomic	55919	2.938014
GCF_000006765.1_ASM676v1_genomic	49606	5.572025
GCF_000006765.1_ASM676v1_genomic	52216	6.304634
GCF_000006765.1_ASM676v1_genomic	49109	5.196703
GCF_000006765.1_ASM676v1_genomic	48883	5.213709
GCF_000006765.1_ASM676v1_genomic	47563	4.369141
GCF_000006765.1_ASM676v1_genomic	46771	8.030320
GCF_000006765.1_ASM676v1_genomic	39816	4.308854
GCF_000006765.1_ASM676v1_genomic	42618	4.047071
GCF_000006765.1_ASM676v1_genomic	42045	4.182358
GCF_000006765.1_ASM676v1_genomic	39180	5.331559
GCF_000006765.1_ASM676v1_genomic	41052	3.586619
GCF_000006765.1_ASM676v1_genomic	41000	4.413531
GCF_000006765.1_ASM676v1_genomic	40671	6.521286
GCF_000006765.1_ASM676v1_genomic	38200	5.939887
GCF_000006765.1_ASM676v1_genomic	38121	3.824699
GCF_000006765.1_ASM676v1_genomic	37937	4.798479
GCF_000006765.1_ASM676v1_genomic	37232	3.626167
GCF_000006765.1_ASM676v1_genomic	36711	3.174199
GCF_000006765.1_ASM676v1_genomic	35666	5.384965
GCF_000006765.1_ASM676v1_genomic	31846	4.693769
GCF_000006765.1_ASM676v1_genomic	33213	7.900808
GCF_000006765.1_ASM676v1_genomic	33148	3.009277
GCF_000006765.1_ASM676v1_genomic	30665	2.770711
GCF_000006765.1_ASM676v1_genomic	29711	4.787803
GCF_000006765.1_ASM676v1_genomic	29235	3.084989
GCF_000006765.1_ASM676v1_genomic	28850	2.189651
GCF_000006765.1_ASM676v1_genomic	27366	2.607777
GCF_000006765.1_ASM676v1_genomic	27036	3.163078
GCF_000006765.1_ASM676v1_genomic	26328	4.487783
GCF_000006765.1_ASM676v1_genomic	25753	5.170519
GCF_000006765.1_ASM676v1_genomic	24037	4.251185
GCF_000006765.1_ASM676v1_genomic	23209	2.510818
GCF_000006765.1_ASM676v1_genomic	20967	3.936078
GCF_000006765.1_ASM676v1_genomic	20243	3.445066
GCF_000006765.1_ASM676v1_genomic	20119	2.019039
GCF_000006765.1_ASM676v1_genomic	19791	2.353434
GCF_000006765.1_ASM676v1_genomic	19202	3.299943
GCF_000006765.1_ASM676v1_genomic	19060	2.686949
GCF_000006765.1_ASM676v1_genomic	18624	3.011632
GCF_000006765.1_ASM676v1_genomic	18158	2.682428
GCF_000006765.1_ASM676v1_genomic	15146	4.032583
GCF_000006765.1_ASM676v1_genomic	14107	11.216695
GCF_000006765.1_ASM676v1_genomic	12529	1.916820
GCF_000006765.1_ASM676v1_genomic	11551	2.700322
GCF_000006765.1_ASM676v1_genomic	8762	2.079137
GCF_000006765.1_ASM676v1_genomic	8067	7.666832
GCF_000006765.1_ASM676v1_genomic	8037	2.281477
GCF_000006765.1_ASM676v1_genomic	7184	1.779071
GCF_000006765.1_ASM676v1_genomic	6856	1.922511
GCF_000006765.1_ASM676v1_genomic	6572	6.289397
GCF_000006765.1_ASM676v1_genomic	5265	4.972937
GCF_000006765.1_ASM676v1_genomic	5221	2.093302
GCF_000006765.1_ASM676v1_genomic	4808	2.051126
GCF_000006765.1_ASM676v1_genomic	4698	1.874865
GCF_000006765.1_ASM676v1_genomic	4120	3.893042
GCF_000006765.1_ASM676v1_genomic	3944	1.941630
GCF_000006765.1_ASM676v1_genomic	3755	21.032703
GCF_000006765.1_ASM676v1_genomic	3730	1.854694
GCF_000006765.1_ASM676v1_genomic	7444	10.876906
GCF_000006765.1_ASM676v1_genomic	3558	1.818414
GCF_000006765.1_ASM676v1_genomic	6618	5.701577
GCF_000006765.1_ASM676v1_genomic	3370	3.386727
GCF_000006765.1_ASM676v1_genomic	2977	2.115332
GCF_000006765.1_ASM676v1_genomic	2970	2.207204
GCF_000006765.1_ASM676v1_genomic	2945	6.347405
GCF_000006765.1_ASM676v1_genomic	5244	8.971952
GCF_000006765.1_ASM676v1_genomic	2429	1.977254
GCF_000006765.1_ASM676v1_genomic	9244	64.005319
GCF_000006765.1_ASM676v1_genomic	4438	11.678373
GCF_000006765.1_ASM676v1_genomic	2201	2.372787
GCF_000006765.1_ASM676v1_genomic	2025	1.797462
GCF_000006765.1_ASM676v1_genomic	1994	1.253223
GCF_000006765.1_ASM676v1_genomic	1976	1.376366
GCF_000006765.1_ASM676v1_genomic	1950	1.582278
GCF_000006765.1_ASM676v1_genomic	1853	1.754853
GCF_000006765.1_ASM676v1_genomic	1854	1.747638
GCF_000006765.1_ASM676v1_genomic	1848	1.972114
GCF_000006765.1_ASM676v1_genomic	1688	1.467238
GCF_000006765.1_ASM676v1_genomic	1653	1.618125
GCF_000006765.1_ASM676v1_genomic	1636	1.424510
GCF_000006765.1_ASM676v1_genomic	1622	1.828973
GCF_000006765.1_ASM676v1_genomic	1472	1.723359
GCF_000006765.1_ASM676v1_genomic	1425	2.043110
GCF_000006765.1_ASM676v1_genomic	8274	49.775680
GCF_000006765.1_ASM676v1_genomic	1342	1.639472
GCF_000006765.1_ASM676v1_genomic	1291	2.517799
GCF_000006765.1_ASM676v1_genomic	1262	1.207125
GCF_000006765.1_ASM676v1_genomic	1213	3.412781
GCF_000006765.1_ASM676v1_genomic	1181	3.375763
GCF_000006765.1_ASM676v1_genomic	1134	1.896200
GCF_000006765.1_ASM676v1_genomic	1116	3.734213
GCF_000006765.1_ASM676v1_genomic	2142	4.446850
GCF_000006765.1_ASM676v1_genomic	967	1.246711
GCF_000006765.1_ASM676v1_genomic	966	4.668496
GCF_000006765.1_ASM676v1_genomic	869	1.364865
GCF_000006765.1_ASM676v1_genomic	863	4.730198
GCF_000006765.1_ASM676v1_genomic	3180	44.424324
GCF_000006765.1_ASM676v1_genomic	752	1.185079
GCF_000006765.1_ASM676v1_genomic	697	2.646360
GCF_000006765.1_ASM676v1_genomic	698	10.555210
GCF_000006765.1_ASM676v1_genomic	2420	84.620000
GCF_000006765.1_ASM676v1_genomic	601	1.895604
GCF_000006765.1_ASM676v1_genomic	2328	46.814042
GCF_000006765.1_ASM676v1_genomic	578	11.254302
GCF_000006765.1_ASM676v1_genomic	2144	76.881497
GCF_000005845.2_ASM584v2_genomic	269647	120.811521
GCF_000005845.2_ASM584v2_genomic	268491	105.553957
GCF_000005845.2_ASM584v2_genomic	204644	96.995533
GCF_000005845.2_ASM584v2_genomic	178214	111.964352
GCF_000005845.2_ASM584v2_genomic	171950	113.858070
GCF_000005845.2_ASM584v2_genomic	148070	90.428077
GCF_000005845.2_ASM584v2_genomic	141005	123.613932
GCF_000005845.2_ASM584v2_genomic	132867	99.699372
GCF_000005845.2_ASM584v2_genomic	132556	101.025743
GCF_000005845.2_ASM584v2_genomic	117595	130.400927
GCF_000005845.2_ASM584v2_genomic	116504	105.363307
GCF_000005845.2_ASM584v2_genomic	112765	103.331461
GCF_000005845.2_ASM584v2_genomic	112343	90.067843
GCF_000005845.2_ASM584v2_genomic	107980	111.156349
GCF_000005845.2_ASM584v2_genomic	107548	118.017369
GCF_000005845.2_ASM584v2_genomic	102431	112.024466
GCF_000005845.2_ASM584v2_genomic	102078	100.295452
GCF_000005845.2_ASM584v2_genomic	88325	97.131449
GCF_000005845.2_ASM584v2_genomic	86960	144.927909
GCF_000005845.2_ASM584v2_genomic	86682	121.211424
GCF_000005845.2_ASM584v2_genomic	78604	104.330278
GCF_000005845.2_ASM584v2_genomic	76165	107.893847
GCF_000005845.2_ASM584v2_genomic	71674	120.320739
GCF_000005845.2_ASM584v2_genomic	69726	104.535641
GCF_000005845.2_ASM584v2_genomic	67330	108.241308
GCF_000005845.2_ASM584v2_genomic	60768	157.185496
GCF_000005845.2_ASM584v2_genomic	59545	143.434090
GCF_000005845.2_ASM584v2_genomic	57777	150.366446
GCF_000005845.2_ASM584v2_genomic	57573	131.673904
GCF_000005845.2_ASM584v2_genomic	56613	107.328265
GCF_000005845.2_ASM584v2_genomic	54945	88.800422
GCF_000005845.2_ASM584v2_genomic	54855	101.290383
GCF_000005845.2_ASM584v2_genomic	53786	124.473526
GCF_000005845.2_ASM584v2_genomic	44825	113.354066
GCF_000005845.2_ASM584v2_genomic	43804	119.457656
GCF_000005845.2_ASM584v2_genomic	42727	104.292581
GCF_000005845.2_ASM584v2_genomic	42432	72.176374
GCF_000005845.2_ASM584v2_genomic	41605	163.792732
GCF_000005845.2_ASM584v2_genomic	41279	120.051232
GCF_000005845.2_ASM584v2_genomic	40867	126.432544
GCF_000005845.2_ASM584v2_genomic	40794	96.267213
GCF_000005845.2_ASM584v2_genomic	40160	127.435008
GCF_000005845.2_ASM584v2_genomic	35263	89.998267
GCF_000005845.2_ASM584v2_genomic	35183	88.505409
GCF_000005845.2_ASM584v2_genomic	35140	174.008266
GCF_000005845.2_ASM584v2_genomic	34064	117.599518
GCF_000005845.2_ASM584v2_genomic	32326	130.343621
GCF_000005845.2_ASM584v2_genomic	31809	117.811709
GCF_000005845.2_ASM584v2_genomic	31581	143.963681
GCF_000005845.2_ASM584v2_genomic	30843	92.754287
GCF_000005845.2_ASM584v2_genomic	29301	113.315299
GCF_000005845.2_ASM584v2_genomic	29301	138.859673
GCF_000005845.2_ASM584v2_genomic	26637	85.615984
GCF_000005845.2_ASM584v2_genomic	25183	112.665621
GCF_000005845.2_ASM584v2_genomic	23933	108.697420
GCF_000005845.2_ASM584v2_genomic	23382	105.175891
GCF_000005845.2_ASM584v2_genomic	16323	91.433243
GCF_000005845.2_ASM584v2_genomic	15930	180.412850
GCF_000005845.2_ASM584v2_genomic	13078	148.905552
GCF_000005845.2_ASM584v2_genomic	10811	87.296858
GCF_000005845.2_ASM584v2_genomic	9223	123.690554
GCF_000005845.2_ASM584v2_genomic	8033	174.573279
GCF_000005845.2_ASM584v2_genomic	8055	150.381000
GCF_000005845.2_ASM584v2_genomic	6660	159.899167
GCF_000005845.2_ASM584v2_genomic	6042	105.678637
GCF_000005845.2_ASM584v2_genomic	5544	140.289488
GCF_000005845.2_ASM584v2_genomic	4223	122.916987
GCF_000005845.2_ASM584v2_genomic	4122	94.029752
GCF_000005845.2_ASM584v2_genomic	3725	85.222401
GCF_000005845.2_ASM584v2_genomic	7132	249.709484
GCF_000005845.2_ASM584v2_genomic	3171	115.112965
GCF_000005845.2_ASM584v2_genomic	21987	1124.566429
GCF_000005845.2_ASM584v2_genomic	4926	408.171512
GCF_000005845.2_ASM584v2_genomic	2303	96.440391
GCF_000005845.2_ASM584v2_genomic	1829	139.633909
GCF_000005845.2_ASM584v2_genomic	1692	159.634087
GCF_000005845.2_ASM584v2_genomic	1567	171.937831
GCF_000005845.2_ASM584v2_genomic	10451	722.687065
GCF_000005845.2_ASM584v2_genomic	4035	353.454264
GCF_000005845.2_ASM584v2_genomic	6275	650.048333
GCF_000005845.2_ASM584v2_genomic	2464	281.008496
GCF_000005845.2_ASM584v2_genomic	1163	132.870036
GCF_000005845.2_ASM584v2_genomic	3285	382.960577
GCF_000005845.2_ASM584v2_genomic	2062	215.634221
GCF_000005845.2_ASM584v2_genomic	1004	74.632244
GCF_000005845.2_ASM584v2_genomic	1982	238.679487
GCF_000005845.2_ASM584v2_genomic	5832	1342.280262
GCF_000005845.2_ASM584v2_genomic	1734	232.407635
GCF_000005845.2_ASM584v2_genomic	2872	879.950226
GCF_000005845.2_ASM584v2_genomic	520	408.701075
Kocuria_rhizophila_ATCC_9341	85713	3.981333
Kocuria_rhizophila_ATCC_9341	66636	3.985401
Kocuria_rhizophila_ATCC_9341	44723	4.291372
Kocuria_rhizophila_ATCC_9341	40361	3.843423
Kocuria_rhizophila_ATCC_9341	38411	1.995646
Kocuria_rhizophila_ATCC_9341	35843	8.808623
Kocuria_rhizophila_ATCC_9341	35363	2.474342
Kocuria_rhizophila_ATCC_9341	34827	2.509289
Kocuria_rhizophila_ATCC_9341	31917	2.633607
Kocuria_rhizophila_ATCC_9341	31061	1.957041
Kocuria_rhizophila_ATCC_9341	30709	3.001892
Kocuria_rhizophila_ATCC_9341	30113	3.301711
Kocuria_rhizophila_ATCC_9341	26872	2.941679
Kocuria_rhizophila_ATCC_9341	26301	4.028233
Kocuria_rhizophila_ATCC_9341	26296	3.594070
Kocuria_rhizophila_ATCC_9341	24414	2.140195
Kocuria_rhizophila_ATCC_9341	23480	2.295749
Kocuria_rhizophila_ATCC_9341	23067	2.114723
Kocuria_rhizophila_ATCC_9341	22185	3.010664
Kocuria_rhizophila_ATCC_9341	21361	1.926640
Kocuria_rhizophila_ATCC_9341	21264	2.876562
Kocuria_rhizophila_ATCC_9341	18623	2.087317
Kocuria_rhizophila_ATCC_9341	17574	2.469199
Kocuria_rhizophila_ATCC_9341	17241	3.286745
Kocuria_rhizophila_ATCC_9341	16918	1.864564
Kocuria_rhizophila_ATCC_9341	16884	1.668014
Kocuria_rhizophila_ATCC_9341	16464	1.811932
Kocuria_rhizophila_ATCC_9341	15982	2.460225
Kocuria_rhizophila_ATCC_9341	15710	4.684574
Kocuria_rhizophila_ATCC_9341	15370	1.994465
Kocuria_rhizophila_ATCC_9341	15287	3.081473
Kocuria_rhizophila_ATCC_9341	14903	1.780374
Kocuria_rhizophila_ATCC_9341	14665	2.017112
Kocuria_rhizophila_ATCC_9341	14563	2.260178
Kocuria_rhizophila_ATCC_9341	14525	2.255632
Kocuria_rhizophila_ATCC_9341	14424	2.103765
Kocuria_rhizophila_ATCC_9341	14265	1.994652
Kocuria_rhizophila_ATCC_9341	14041	3.268047
Kocuria_rhizophila_ATCC_9341	13640	2.092575
Kocuria_rhizophila_ATCC_9341	12165	2.013766
Kocuria_rhizophila_ATCC_9341	12171	2.861753
Kocuria_rhizophila_ATCC_9341	11886	2.282563
Kocuria_rhizophila_ATCC_9341	11146	1.790371
Kocuria_rhizophila_ATCC_9341	11051	1.687977
Kocuria_rhizophila_ATCC_9341	10773	2.296417
Kocuria_rhizophila_ATCC_9341	10520	1.673674
Kocuria_rhizophila_ATCC_9341	10486	3.295640
Kocuria_rhizophila_ATCC_9341	10118	2.303587
Kocuria_rhizophila_ATCC_9341	9936	1.897480
Kocuria_rhizophila_ATCC_9341	9905	2.054166
Kocuria_rhizophila_ATCC_9341	9841	1.682703
Kocuria_rhizophila_ATCC_9341	9605	1.726115
Kocuria_rhizophila_ATCC_9341	9387	2.738105
Kocuria_rhizophila_ATCC_9341	9321	2.007015
Kocuria_rhizophila_ATCC_9341	8941	3.226311
Kocuria_rhizophila_ATCC_9341	8526	1.703127
Kocuria_rhizophila_ATCC_9341	8486	1.851856
Kocuria_rhizophila_ATCC_9341	8430	1.506149
Kocuria_rhizophila_ATCC_9341	8409	2.074336
Kocuria_rhizophila_ATCC_9341	8324	2.357843
Kocuria_rhizophila_ATCC_9341	8251	1.464617
Kocuria_rhizophila_ATCC_9341	8199	1.909013
Kocuria_rhizophila_ATCC_9341	8034	1.501191
Kocuria_rhizophila_ATCC_9341	7703	1.617155
Kocuria_rhizophila_ATCC_9341	7685	2.165007
Kocuria_rhizophila_ATCC_9341	7477	1.446863
Kocuria_rhizophila_ATCC_9341	7472	1.806256
Kocuria_rhizophila_ATCC_9341	7316	1.729864
Kocuria_rhizophila_ATCC_9341	7311	1.920893
Kocuria_rhizophila_ATCC_9341	7302	1.846578
Kocuria_rhizophila_ATCC_9341	7162	2.051217
Kocuria_rhizophila_ATCC_9341	7028	1.532339
Kocuria_rhizophila_ATCC_9341	7003	1.349741
Kocuria_rhizophila_ATCC_9341	6972	2.025878
Kocuria_rhizophila_ATCC_9341	6970	1.696935
Kocuria_rhizophila_ATCC_9341	6919	1.902389
Kocuria_rhizophila_ATCC_9341	6778	1.926670
Kocuria_rhizophila_ATCC_9341	6697	2.263348
Kocuria_rhizophila_ATCC_9341	6605	2.440611
Kocuria_rhizophila_ATCC_9341	6572	1.305355
Kocuria_rhizophila_ATCC_9341	6522	1.820164
Kocuria_rhizophila_ATCC_9341	6427	1.747803
Kocuria_rhizophila_ATCC_9341	6329	1.832483
Kocuria_rhizophila_ATCC_9341	6162	1.892255
Kocuria_rhizophila_ATCC_9341	6069	1.600697
Kocuria_rhizophila_ATCC_9341	6077	1.679342
Kocuria_rhizophila_ATCC_9341	5992	3.292408
Kocuria_rhizophila_ATCC_9341	5879	1.461882
Kocuria_rhizophila_ATCC_9341	5702	1.991854
Kocuria_rhizophila_ATCC_9341	5656	1.740582
Kocuria_rhizophila_ATCC_9341	5654	2.619396
Kocuria_rhizophila_ATCC_9341	11120	17.644505
Kocuria_rhizophila_ATCC_9341	5525	1.580073
Kocuria_rhizophila_ATCC_9341	5481	1.930147
Kocuria_rhizophila_ATCC_9341	5443	1.333333
Kocuria_rhizophila_ATCC_9341	5430	2.128372
Kocuria_rhizophila_ATCC_9341	5359	2.158849
Kocuria_rhizophila_ATCC_9341	5403	1.543755
Kocuria_rhizophila_ATCC_9341	5343	1.283661
Kocuria_rhizophila_ATCC_9341	5328	1.889247
Kocuria_rhizophila_ATCC_9341	5301	1.391727
Kocuria_rhizophila_ATCC_9341	5230	1.345307
Kocuria_rhizophila_ATCC_9341	5203	1.676962
Kocuria_rhizophila_ATCC_9341	5180	1.816693
Kocuria_rhizophila_ATCC_9341	5138	1.793036
Kocuria_rhizophila_ATCC_9341	5100	2.115316
Kocuria_rhizophila_ATCC_9341	5100	1.731219
Kocuria_rhizophila_ATCC_9341	5029	1.745879
Kocuria_rhizophila_ATCC_9341	5015	1.949395
Kocuria_rhizophila_ATCC_9341	5013	2.319282
Kocuria_rhizophila_ATCC_9341	4920	1.548613
Kocuria_rhizophila_ATCC_9341	4891	1.357320
Kocuria_rhizophila_ATCC_9341	4850	1.410219
Kocuria_rhizophila_ATCC_9341	4785	2.080973
Kocuria_rhizophila_ATCC_9341	4720	1.467095
Kocuria_rhizophila_ATCC_9341	4718	1.592966
Kocuria_rhizophila_ATCC_9341	4670	1.442904
Kocuria_rhizophila_ATCC_9341	4617	1.599079
Kocuria_rhizophila_ATCC_9341	4544	1.915126
Kocuria_rhizophila_ATCC_9341	4494	1.311331
Kocuria_rhizophila_ATCC_9341	4469	1.374264
Kocuria_rhizophila_ATCC_9341	4394	2.076515
Kocuria_rhizophila_ATCC_9341	4371	1.505329
Kocuria_rhizophila_ATCC_9341	4333	1.508883
Kocuria_rhizophila_ATCC_9341	4273	1.847558
Kocuria_rhizophila_ATCC_9341	4262	1.487052
Kocuria_rhizophila_ATCC_9341	4248	1.666826
Kocuria_rhizophila_ATCC_9341	4189	1.824226
Kocuria_rhizophila_ATCC_9341	4189	1.789792
Kocuria_rhizophila_ATCC_9341	4183	1.295300
Kocuria_rhizophila_ATCC_9341	4166	1.297738
Kocuria_rhizophila_ATCC_9341	4156	2.248232
Kocuria_rhizophila_ATCC_9341	4144	3.062241
Kocuria_rhizophila_ATCC_9341	4126	1.658561
Kocuria_rhizophila_ATCC_9341	4107	1.634501
Kocuria_rhizophila_ATCC_9341	4073	1.593828
Kocuria_rhizophila_ATCC_9341	4044	1.274756
Kocuria_rhizophila_ATCC_9341	4000	1.393156
Kocuria_rhizophila_ATCC_9341	3982	1.752228
Kocuria_rhizophila_ATCC_9341	3973	1.470138
Kocuria_rhizophila_ATCC_9341	3966	1.198007
Kocuria_rhizophila_ATCC_9341	3967	1.419479
Kocuria_rhizophila_ATCC_9341	3964	0.954464
Kocuria_rhizophila_ATCC_9341	3941	1.550180
Kocuria_rhizophila_ATCC_9341	3911	1.812500
Kocuria_rhizophila_ATCC_9341	3882	1.437418
Kocuria_rhizophila_ATCC_9341	3866	1.531881
Kocuria_rhizophila_ATCC_9341	3759	1.476782
Kocuria_rhizophila_ATCC_9341	3725	1.871662
Kocuria_rhizophila_ATCC_9341	3674	1.934236
Kocuria_rhizophila_ATCC_9341	3658	2.280877
Kocuria_rhizophila_ATCC_9341	3595	1.670147
Kocuria_rhizophila_ATCC_9341	3590	1.367185
Kocuria_rhizophila_ATCC_9341	3535	1.301437
Kocuria_rhizophila_ATCC_9341	3531	1.527043
Kocuria_rhizophila_ATCC_9341	3520	1.545455
Kocuria_rhizophila_ATCC_9341	3506	1.431995
Kocuria_rhizophila_ATCC_9341	3482	1.359790
Kocuria_rhizophila_ATCC_9341	3456	1.966774
Kocuria_rhizophila_ATCC_9341	3436	1.758947
Kocuria_rhizophila_ATCC_9341	3402	1.524051
Kocuria_rhizophila_ATCC_9341	3374	1.304007
Kocuria_rhizophila_ATCC_9341	3363	0.947703
Kocuria_rhizophila_ATCC_9341	3294	1.822167
Kocuria_rhizophila_ATCC_9341	3257	1.665209
Kocuria_rhizophila_ATCC_9341	3243	1.479297
Kocuria_rhizophila_ATCC_9341	3223	1.550047
Kocuria_rhizophila_ATCC_9341	3174	1.456557
Kocuria_rhizophila_ATCC_9341	3172	1.314084
Kocuria_rhizophila_ATCC_9341	3144	1.562318
Kocuria_rhizophila_ATCC_9341	3122	1.642974
Kocuria_rhizophila_ATCC_9341	3083	1.529489
Kocuria_rhizophila_ATCC_9341	3077	2.488749
Kocuria_rhizophila_ATCC_9341	3051	1.423899
Kocuria_rhizophila_ATCC_9341	3049	1.342017
Kocuria_rhizophila_ATCC_9341	3022	1.087631
Kocuria_rhizophila_ATCC_9341	3003	1.481004
Kocuria_rhizophila_ATCC_9341	2957	1.420400
Kocuria_rhizophila_ATCC_9341	2950	1.583765
Kocuria_rhizophila_ATCC_9341	2924	1.844545
Kocuria_rhizophila_ATCC_9341	2910	1.451138
Kocuria_rhizophila_ATCC_9341	2903	1.182233
Kocuria_rhizophila_ATCC_9341	2901	1.560084
Kocuria_rhizophila_ATCC_9341	5708	13.223294
Kocuria_rhizophila_ATCC_9341	2845	1.270968
Kocuria_rhizophila_ATCC_9341	2811	1.335994
Kocuria_rhizophila_ATCC_9341	2807	1.305848
Kocuria_rhizophila_ATCC_9341	2784	1.493592
Kocuria_rhizophila_ATCC_9341	2783	1.304985
Kocuria_rhizophila_ATCC_9341	2766	2.243651
Kocuria_rhizophila_ATCC_9341	2753	1.375093
Kocuria_rhizophila_ATCC_9341	2749	1.505939
Kocuria_rhizophila_ATCC_9341	2743	1.355655
Kocuria_rhizophila_ATCC_9341	2740	1.346741
Kocuria_rhizophila_ATCC_9341	2734	2.075401
Kocuria_rhizophila_ATCC_9341	2723	1.551028
Kocuria_rhizophila_ATCC_9341	2674	1.263841
Kocuria_rhizophila_ATCC_9341	2650	1.652692
Kocuria_rhizophila_ATCC_9341	2646	2.232487
Kocuria_rhizophila_ATCC_9341	2647	1.198688
Kocuria_rhizophila_ATCC_9341	2636	1.911662
Kocuria_rhizophila_ATCC_9341	2584	1.836299
Kocuria_rhizophila_ATCC_9341	2560	1.771657
Kocuria_rhizophila_ATCC_9341	2554	1.989996
Kocuria_rhizophila_ATCC_9341	2539	1.839775
Kocuria_rhizophila_ATCC_9341	2528	1.423777
Kocuria_rhizophila_ATCC_9341	2525	1.247773
Kocuria_rhizophila_ATCC_9341	2523	1.275527
Kocuria_rhizophila_ATCC_9341	2509	1.081907
Kocuria_rhizophila_ATCC_9341	2466	1.506014
Kocuria_rhizophila_ATCC_9341	2452	1.403838
Kocuria_rhizophila_ATCC_9341	2445	1.661506
Kocuria_rhizophila_ATCC_9341	2423	1.536740
Kocuria_rhizophila_ATCC_9341	2419	1.531699
Kocuria_rhizophila_ATCC_9341	2414	1.155998
Kocuria_rhizophila_ATCC_9341	2398	1.324370
Kocuria_rhizophila_ATCC_9341	2385	1.279828
Kocuria_rhizophila_ATCC_9341	2374	1.195774
Kocuria_rhizophila_ATCC_9341	2372	1.629694
Kocuria_rhizophila_ATCC_9341	2368	1.429313
Kocuria_rhizophila_ATCC_9341	2360	1.423861
Kocuria_rhizophila_ATCC_9341	2345	1.465502
Kocuria_rhizophila_ATCC_9341	2332	1.493193
Kocuria_rhizophila_ATCC_9341	2329	1.545734
Kocuria_rhizophila_ATCC_9341	2306	1.302088
Kocuria_rhizophila_ATCC_9341	2292	1.606616
Kocuria_rhizophila_ATCC_9341	2284	1.457604
Kocuria_rhizophila_ATCC_9341	2282	1.332735
Kocuria_rhizophila_ATCC_9341	2281	1.437556
Kocuria_rhizophila_ATCC_9341	2281	1.119048
Kocuria_rhizophila_ATCC_9341	2247	1.253193
Kocuria_rhizophila_ATCC_9341	2225	1.505069
Kocuria_rhizophila_ATCC_9341	2222	1.658053
Kocuria_rhizophila_ATCC_9341	2219	1.596580
Kocuria_rhizophila_ATCC_9341	2198	1.254316
Kocuria_rhizophila_ATCC_9341	2180	1.073848
Kocuria_rhizophila_ATCC_9341	2139	1.440718
Kocuria_rhizophila_ATCC_9341	2171	1.604915
Kocuria_rhizophila_ATCC_9341	2158	1.262482
Kocuria_rhizophila_ATCC_9341	2157	1.175071
Kocuria_rhizophila_ATCC_9341	2131	1.515414
Kocuria_rhizophila_ATCC_9341	2101	1.316227
Kocuria_rhizophila_ATCC_9341	2099	1.285225
Kocuria_rhizophila_ATCC_9341	2073	1.605550
Kocuria_rhizophila_ATCC_9341	2072	1.299950
Kocuria_rhizophila_ATCC_9341	2064	1.520657
Kocuria_rhizophila_ATCC_9341	2061	1.403789
Kocuria_rhizophila_ATCC_9341	2047	1.534137
Kocuria_rhizophila_ATCC_9341	2043	2.875252
Kocuria_rhizophila_ATCC_9341	2034	1.429005
Kocuria_rhizophila_ATCC_9341	2027	1.385903
Kocuria_rhizophila_ATCC_9341	2011	1.376278
Kocuria_rhizophila_ATCC_9341	2008	1.434204
Kocuria_rhizophila_ATCC_9341	2004	1.462801
Kocuria_rhizophila_ATCC_9341	2003	1.531828
Kocuria_rhizophila_ATCC_9341	1994	1.137184
Kocuria_rhizophila_ATCC_9341	1991	1.992769
Kocuria_rhizophila_ATCC_9341	1941	1.002588
Kocuria_rhizophila_ATCC_9341	1986	1.541688
Kocuria_rhizophila_ATCC_9341	1979	1.308212
Kocuria_rhizophila_ATCC_9341	1974	1.322043
Kocuria_rhizophila_ATCC_9341	1973	1.332117
Kocuria_rhizophila_ATCC_9341	1973	1.116788
Kocuria_rhizophila_ATCC_9341	1972	1.015649
Kocuria_rhizophila_ATCC_9341	1963	1.133648
Kocuria_rhizophila_ATCC_9341	1953	1.601686
Kocuria_rhizophila_ATCC_9341	1947	1.280127
Kocuria_rhizophila_ATCC_9341	1943	1.603814
Kocuria_rhizophila_ATCC_9341	1933	1.357827
Kocuria_rhizophila_ATCC_9341	1906	1.445165
Kocuria_rhizophila_ATCC_9341	1904	0.889730
Kocuria_rhizophila_ATCC_9341	1890	1.472480
Kocuria_rhizophila_ATCC_9341	1870	1.206612
Kocuria_rhizophila_ATCC_9341	1869	1.528666
Kocuria_rhizophila_ATCC_9341	1861	1.246955
Kocuria_rhizophila_ATCC_9341	1855	1.518889
Kocuria_rhizophila_ATCC_9341	1832	1.594823
Kocuria_rhizophila_ATCC_9341	1832	1.594823
Kocuria_rhizophila_ATCC_9341	1831	0.994369
Kocuria_rhizophila_ATCC_9341	1822	1.077533
Kocuria_rhizophila_ATCC_9341	1811	1.427107
Kocuria_rhizophila_ATCC_9341	1806	1.348943
Kocuria_rhizophila_ATCC_9341	1804	1.305889
Kocuria_rhizophila_ATCC_9341	1797	1.099885
Kocuria_rhizophila_ATCC_9341	1795	1.576437
Kocuria_rhizophila_ATCC_9341	1788	1.647432
Kocuria_rhizophila_ATCC_9341	1780	1.791304
Kocuria_rhizophila_ATCC_9341	1776	1.466008
Kocuria_rhizophila_ATCC_9341	1765	1.237427
Kocuria_rhizophila_ATCC_9341	1762	1.213240
Kocuria_rhizophila_ATCC_9341	1760	1.549560
Kocuria_rhizophila_ATCC_9341	1756	1.575544
Kocuria_rhizophila_ATCC_9341	1750	1.834218
Kocuria_rhizophila_ATCC_9341	1749	1.148760
Kocuria_rhizophila_ATCC_9341	1744	1.220841
Kocuria_rhizophila_ATCC_9341	1740	2.602374
Kocuria_rhizophila_ATCC_9341	1736	1.174301
Kocuria_rhizophila_ATCC_9341	1735	1.185119
Kocuria_rhizophila_ATCC_9341	1729	1.132616
Kocuria_rhizophila_ATCC_9341	1725	1.849701
Kocuria_rhizophila_ATCC_9341	1704	1.491302
Kocuria_rhizophila_ATCC_9341	1722	1.451110
Kocuria_rhizophila_ATCC_9341	1711	1.157005
Kocuria_rhizophila_ATCC_9341	1709	1.500605
Kocuria_rhizophila_ATCC_9341	1706	1.453059
Kocuria_rhizophila_ATCC_9341	1698	2.323189
Kocuria_rhizophila_ATCC_9341	1693	1.686203
Kocuria_rhizophila_ATCC_9341	1689	1.362913
Kocuria_rhizophila_ATCC_9341	1666	1.392813
Kocuria_rhizophila_ATCC_9341	1661	1.556040
Kocuria_rhizophila_ATCC_9341	1652	1.827176
Kocuria_rhizophila_ATCC_9341	1640	1.514196
Kocuria_rhizophila_ATCC_9341	1639	1.302399
Kocuria_rhizophila_ATCC_9341	1628	1.282732
Kocuria_rhizophila_ATCC_9341	1614	1.602287
Kocuria_rhizophila_ATCC_9341	1628	1.206612
Kocuria_rhizophila_ATCC_9341	1621	1.281609
Kocuria_rhizophila_ATCC_9341	1620	1.213419
Kocuria_rhizophila_ATCC_9341	1618	1.131798
Kocuria_rhizophila_ATCC_9341	1617	1.154930
Kocuria_rhizophila_ATCC_9341	1607	1.326675
Kocuria_rhizophila_ATCC_9341	1595	1.268831
Kocuria_rhizophila_ATCC_9341	1592	1.069616
Kocuria_rhizophila_ATCC_9341	1589	1.220339
Kocuria_rhizophila_ATCC_9341	1589	1.063885
Kocuria_rhizophila_ATCC_9341	1576	1.234057
Kocuria_rhizophila_ATCC_9341	1574	1.368005
Kocuria_rhizophila_ATCC_9341	1544	1.440981
Kocuria_rhizophila_ATCC_9341	1558	1.269947
Kocuria_rhizophila_ATCC_9341	1558	1.070526
Kocuria_rhizophila_ATCC_9341	1514	1.398526
Kocuria_rhizophila_ATCC_9341	1522	1.312458
Kocuria_rhizophila_ATCC_9341	1538	0.999326
Kocuria_rhizophila_ATCC_9341	1535	1.962838
Kocuria_rhizophila_ATCC_9341	1531	1.489837
Kocuria_rhizophila_ATCC_9341	1524	1.238938
Kocuria_rhizophila_ATCC_9341	1521	1.526603
Kocuria_rhizophila_ATCC_9341	1515	1.651370
Kocuria_rhizophila_ATCC_9341	1490	1.281533
Kocuria_rhizophila_ATCC_9341	1487	1.286313
Kocuria_rhizophila_ATCC_9341	1475	1.238028
Kocuria_rhizophila_ATCC_9341	1465	2.002119
Kocuria_rhizophila_ATCC_9341	1471	1.293785
Kocuria_rhizophila_ATCC_9341	1460	1.000712
Kocuria_rhizophila_ATCC_9341	1457	1.435093
Kocuria_rhizophila_ATCC_9341	1457	1.179743
Kocuria_rhizophila_ATCC_9341	1455	1.675714
Kocuria_rhizophila_ATCC_9341	1452	1.325232
Kocuria_rhizophila_ATCC_9341	1451	1.205587
Kocuria_rhizophila_ATCC_9341	1442	1.558039
Kocuria_rhizophila_ATCC_9341	1427	1.316327
Kocuria_rhizophila_ATCC_9341	1427	0.949708
Kocuria_rhizophila_ATCC_9341	1426	1.068563
Kocuria_rhizophila_ATCC_9341	1419	1.150916
Kocuria_rhizophila_ATCC_9341	1416	2.666422
Kocuria_rhizophila_ATCC_9341	1415	1.212500
Kocuria_rhizophila_ATCC_9341	1404	1.354720
Kocuria_rhizophila_ATCC_9341	1409	1.490399
Kocuria_rhizophila_ATCC_9341	1396	1.271439
Kocuria_rhizophila_ATCC_9341	1392	0.953628
Kocuria_rhizophila_ATCC_9341	1390	1.284644
Kocuria_rhizophila_ATCC_9341	1388	1.641410
Kocuria_rhizophila_ATCC_9341	1378	1.060469
Kocuria_rhizophila_ATCC_9341	1377	1.451589
Kocuria_rhizophila_ATCC_9341	1376	1.626041
Kocuria_rhizophila_ATCC_9341	1371	1.154255
Kocuria_rhizophila_ATCC_9341	1366	1.595728
Kocuria_rhizophila_ATCC_9341	1353	1.208783
Kocuria_rhizophila_ATCC_9341	1347	1.972136
Kocuria_rhizophila_ATCC_9341	1347	1.520898
Kocuria_rhizophila_ATCC_9341	1343	1.178571
Kocuria_rhizophila_ATCC_9341	1342	1.320124
Kocuria_rhizophila_ATCC_9341	1331	1.192006
Kocuria_rhizophila_ATCC_9341	1324	1.383767
Kocuria_rhizophila_ATCC_9341	1324	1.306541
Kocuria_rhizophila_ATCC_9341	1322	1.232833
Kocuria_rhizophila_ATCC_9341	1293	1.588468
Kocuria_rhizophila_ATCC_9341	1321	1.540284
Kocuria_rhizophila_ATCC_9341	1315	1.379365
Kocuria_rhizophila_ATCC_9341	1293	1.682553
Kocuria_rhizophila_ATCC_9341	1291	1.283172
Kocuria_rhizophila_ATCC_9341	1290	1.188664
Kocuria_rhizophila_ATCC_9341	1276	1.534808
Kocuria_rhizophila_ATCC_9341	1275	1.623770
Kocuria_rhizophila_ATCC_9341	1275	1.345902
Kocuria_rhizophila_ATCC_9341	1274	1.393765
Kocuria_rhizophila_ATCC_9341	1269	1.331137
Kocuria_rhizophila_ATCC_9341	1260	1.046281
Kocuria_rhizophila_ATCC_9341	1260	1.282988
Kocuria_rhizophila_ATCC_9341	1205	1.157360
Kocuria_rhizophila_ATCC_9341	1224	1.531064
Kocuria_rhizophila_ATCC_9341	1228	1.485934
Kocuria_rhizophila_ATCC_9341	1227	1.518771
Kocuria_rhizophila_ATCC_9341	1223	1.924658
Kocuria_rhizophila_ATCC_9341	1216	1.083119
Kocuria_rhizophila_ATCC_9341	1207	1.098090
Kocuria_rhizophila_ATCC_9341	1206	1.093831
Kocuria_rhizophila_ATCC_9341	1205	1.593913
Kocuria_rhizophila_ATCC_9341	1205	1.428696
Kocuria_rhizophila_ATCC_9341	1198	2.156605
Kocuria_rhizophila_ATCC_9341	1198	1.262467
Kocuria_rhizophila_ATCC_9341	1194	0.961370
Kocuria_rhizophila_ATCC_9341	1188	1.706973
Kocuria_rhizophila_ATCC_9341	1186	1.462423
Kocuria_rhizophila_ATCC_9341	1183	1.672872
Kocuria_rhizophila_ATCC_9341	1182	1.100266
Kocuria_rhizophila_ATCC_9341	1179	1.207295
Kocuria_rhizophila_ATCC_9341	1178	1.112199
Kocuria_rhizophila_ATCC_9341	1174	1.199285
Kocuria_rhizophila_ATCC_9341	1173	1.202147
Kocuria_rhizophila_ATCC_9341	1171	1.642473
Kocuria_rhizophila_ATCC_9341	1158	1.384824
Kocuria_rhizophila_ATCC_9341	1159	1.344203
Kocuria_rhizophila_ATCC_9341	1158	1.010879
Kocuria_rhizophila_ATCC_9341	1122	1.185455
Kocuria_rhizophila_ATCC_9341	1154	1.393085
Kocuria_rhizophila_ATCC_9341	1152	1.416591
Kocuria_rhizophila_ATCC_9341	1148	1.731016
Kocuria_rhizophila_ATCC_9341	1143	1.215993
Kocuria_rhizophila_ATCC_9341	1143	1.204963
Kocuria_rhizophila_ATCC_9341	1139	1.066421
Kocuria_rhizophila_ATCC_9341	1137	1.845656
Kocuria_rhizophila_ATCC_9341	1136	1.008326
Kocuria_rhizophila_ATCC_9341	1135	1.328704
Kocuria_rhizophila_ATCC_9341	1126	1.618114
Kocuria_rhizophila_ATCC_9341	1123	1.745318
Kocuria_rhizophila_ATCC_9341	1122	1.290534
Kocuria_rhizophila_ATCC_9341	1120	1.168075
Kocuria_rhizophila_ATCC_9341	1116	1.194156
Kocuria_rhizophila_ATCC_9341	1082	0.936792
Kocuria_rhizophila_ATCC_9341	1110	1.294229
Kocuria_rhizophila_ATCC_9341	1112	1.093661
Kocuria_rhizophila_ATCC_9341	1111	1.373106
Kocuria_rhizophila_ATCC_9341	1107	1.313688
Kocuria_rhizophila_ATCC_9341	1106	1.177926
Kocuria_rhizophila_ATCC_9341	1105	0.880952
Kocuria_rhizophila_ATCC_9341	1100	1.576077
Kocuria_rhizophila_ATCC_9341	1097	1.050864
Kocuria_rhizophila_ATCC_9341	1096	2.336215
Kocuria_rhizophila_ATCC_9341	1093	1.684008
Kocuria_rhizophila_ATCC_9341	1090	0.892754
Kocuria_rhizophila_ATCC_9341	1087	1.194767
Kocuria_rhizophila_ATCC_9341	1067	1.180830
Kocuria_rhizophila_ATCC_9341	1060	1.263682
Kocuria_rhizophila_ATCC_9341	1057	1.254491
Kocuria_rhizophila_ATCC_9341	1056	1.477522
Kocuria_rhizophila_ATCC_9341	1055	1.216000
Kocuria_rhizophila_ATCC_9341	1052	1.567703
Kocuria_rhizophila_ATCC_9341	1052	1.280843
Kocuria_rhizophila_ATCC_9341	1052	1.263791
Kocuria_rhizophila_ATCC_9341	1048	1.023162
Kocuria_rhizophila_ATCC_9341	1045	0.972727
Kocuria_rhizophila_ATCC_9341	1044	1.170880
Kocuria_rhizophila_ATCC_9341	1041	1.085193
Kocuria_rhizophila_ATCC_9341	1030	1.313846
Kocuria_rhizophila_ATCC_9341	1030	1.068718
Kocuria_rhizophila_ATCC_9341	1027	1.376543
Kocuria_rhizophila_ATCC_9341	1023	1.212810
Kocuria_rhizophila_ATCC_9341	1022	0.957601
Kocuria_rhizophila_ATCC_9341	1020	1.619689
Kocuria_rhizophila_ATCC_9341	1018	1.323988
Kocuria_rhizophila_ATCC_9341	1013	1.368476
Kocuria_rhizophila_ATCC_9341	1012	1.814002
Kocuria_rhizophila_ATCC_9341	1012	1.117032
Kocuria_rhizophila_ATCC_9341	1006	1.313354
Kocuria_rhizophila_ATCC_9341	999	1.225636
Kocuria_rhizophila_ATCC_9341	992	1.124867
Kocuria_rhizophila_ATCC_9341	991	1.202991
Kocuria_rhizophila_ATCC_9341	986	1.158969
Kocuria_rhizophila_ATCC_9341	985	1.068817
Kocuria_rhizophila_ATCC_9341	982	1.125135
Kocuria_rhizophila_ATCC_9341	980	1.791351
Kocuria_rhizophila_ATCC_9341	977	1.418655
Kocuria_rhizophila_ATCC_9341	964	1.709571
Kocuria_rhizophila_ATCC_9341	964	1.018702
Kocuria_rhizophila_ATCC_9341	963	1.240088
Kocuria_rhizophila_ATCC_9341	958	0.898117
Kocuria_rhizophila_ATCC_9341	952	1.472687
Kocuria_rhizophila_ATCC_9341	950	1.573184
Kocuria_rhizophila_ATCC_9341	946	1.044893
Kocuria_rhizophila_ATCC_9341	945	1.208989
Kocuria_rhizophila_ATCC_9341	944	1.001125
Kocuria_rhizophila_ATCC_9341	937	1.378685
Kocuria_rhizophila_ATCC_9341	936	1.413167
Kocuria_rhizophila_ATCC_9341	936	1.064699
Kocuria_rhizophila_ATCC_9341	933	1.641230
Kocuria_rhizophila_ATCC_9341	932	1.513113
Kocuria_rhizophila_ATCC_9341	930	1.505143
Kocuria_rhizophila_ATCC_9341	926	1.355913
Kocuria_rhizophila_ATCC_9341	920	1.363322
Kocuria_rhizophila_ATCC_9341	922	1.288351
Kocuria_rhizophila_ATCC_9341	921	1.497691
Kocuria_rhizophila_ATCC_9341	918	0.974508
Kocuria_rhizophila_ATCC_9341	885	1.099884
Kocuria_rhizophila_ATCC_9341	916	1.011614
Kocuria_rhizophila_ATCC_9341	915	1.498837
Kocuria_rhizophila_ATCC_9341	914	1.108265
Kocuria_rhizophila_ATCC_9341	914	0.995343
Kocuria_rhizophila_ATCC_9341	913	1.167832
Kocuria_rhizophila_ATCC_9341	910	1.323977
Kocuria_rhizophila_ATCC_9341	896	1.810304
Kocuria_rhizophila_ATCC_9341	905	1.196471
Kocuria_rhizophila_ATCC_9341	905	1.028235
Kocuria_rhizophila_ATCC_9341	904	1.214370
Kocuria_rhizophila_ATCC_9341	901	1.362884
Kocuria_rhizophila_ATCC_9341	900	1.111243
Kocuria_rhizophila_ATCC_9341	897	1.756532
Kocuria_rhizophila_ATCC_9341	894	1.271752
Kocuria_rhizophila_ATCC_9341	891	1.700957
Kocuria_rhizophila_ATCC_9341	890	1.184431
Kocuria_rhizophila_ATCC_9341	884	1.114596
Kocuria_rhizophila_ATCC_9341	877	0.890511
Kocuria_rhizophila_ATCC_9341	875	1.317073
Kocuria_rhizophila_ATCC_9341	874	1.570208
Kocuria_rhizophila_ATCC_9341	869	1.386978
Kocuria_rhizophila_ATCC_9341	865	1.209360
Kocuria_rhizophila_ATCC_9341	866	1.622688
Kocuria_rhizophila_ATCC_9341	864	1.124845
Kocuria_rhizophila_ATCC_9341	855	1.076250
Kocuria_rhizophila_ATCC_9341	848	1.066835
Kocuria_rhizophila_ATCC_9341	844	1.034221
Kocuria_rhizophila_ATCC_9341	841	1.054707
Kocuria_rhizophila_ATCC_9341	841	0.988550
Kocuria_rhizophila_ATCC_9341	840	1.021656
Kocuria_rhizophila_ATCC_9341	836	1.517286
Kocuria_rhizophila_ATCC_9341	834	1.195122
Kocuria_rhizophila_ATCC_9341	833	1.125964
Kocuria_rhizophila_ATCC_9341	832	1.019305
Kocuria_rhizophila_ATCC_9341	829	1.215484
Kocuria_rhizophila_ATCC_9341	827	1.154145
Kocuria_rhizophila_ATCC_9341	823	1.391417
Kocuria_rhizophila_ATCC_9341	822	1.338983
Kocuria_rhizophila_ATCC_9341	821	1.369452
Kocuria_rhizophila_ATCC_9341	821	1.211488
Kocuria_rhizophila_ATCC_9341	819	1.134817
Kocuria_rhizophila_ATCC_9341	818	1.144168
Kocuria_rhizophila_ATCC_9341	810	1.183620
Kocuria_rhizophila_ATCC_9341	809	1.242706
Kocuria_rhizophila_ATCC_9341	801	1.829759
Kocuria_rhizophila_ATCC_9341	799	1.525469
Kocuria_rhizophila_ATCC_9341	800	1.198658
Kocuria_rhizophila_ATCC_9341	790	1.235374
Kocuria_rhizophila_ATCC_9341	740	1.112925
Kocuria_rhizophila_ATCC_9341	788	0.867667
Kocuria_rhizophila_ATCC_9341	787	1.316940
Kocuria_rhizophila_ATCC_9341	787	1.099727
Kocuria_rhizophila_ATCC_9341	783	1.542582
Kocuria_rhizophila_ATCC_9341	781	1.002755
Kocuria_rhizophila_ATCC_9341	780	1.322759
Kocuria_rhizophila_ATCC_9341	779	1.263812
Kocuria_rhizophila_ATCC_9341	774	1.214186
Kocuria_rhizophila_ATCC_9341	773	1.639276
Kocuria_rhizophila_ATCC_9341	772	0.870293
Kocuria_rhizophila_ATCC_9341	770	1.464336
Kocuria_rhizophila_ATCC_9341	768	1.394109
Kocuria_rhizophila_ATCC_9341	761	1.350211
Kocuria_rhizophila_ATCC_9341	758	1.460882
Kocuria_rhizophila_ATCC_9341	755	1.447143
Kocuria_rhizophila_ATCC_9341	755	1.317143
Kocuria_rhizophila_ATCC_9341	755	1.120000
Kocuria_rhizophila_ATCC_9341	754	1.157368
Kocuria_rhizophila_ATCC_9341	753	1.063037
Kocuria_rhizophila_ATCC_9341	753	0.952722
Kocuria_rhizophila_ATCC_9341	751	0.925287
Kocuria_rhizophila_ATCC_9341	747	1.085260
Kocuria_rhizophila_ATCC_9341	741	1.000000
Kocuria_rhizophila_ATCC_9341	734	1.406480
Kocuria_rhizophila_ATCC_9341	692	1.205970
Kocuria_rhizophila_ATCC_9341	722	1.184408
Kocuria_rhizophila_ATCC_9341	721	1.540541
Kocuria_rhizophila_ATCC_9341	721	1.045045
Kocuria_rhizophila_ATCC_9341	718	0.975867
Kocuria_rhizophila_ATCC_9341	714	1.619120
Kocuria_rhizophila_ATCC_9341	713	1.281155
Kocuria_rhizophila_ATCC_9341	711	1.350610
Kocuria_rhizophila_ATCC_9341	711	0.798780
Kocuria_rhizophila_ATCC_9341	709	1.169466
Kocuria_rhizophila_ATCC_9341	707	0.911043
Kocuria_rhizophila_ATCC_9341	705	1.418462
Kocuria_rhizophila_ATCC_9341	704	1.624037
Kocuria_rhizophila_ATCC_9341	701	1.534056
Kocuria_rhizophila_ATCC_9341	693	1.379310
Kocuria_rhizophila_ATCC_9341	690	0.922835
Kocuria_rhizophila_ATCC_9341	689	0.908517
Kocuria_rhizophila_ATCC_9341	685	1.761905
Kocuria_rhizophila_ATCC_9341	682	1.601276
Kocuria_rhizophila_ATCC_9341	680	1.155200
Kocuria_rhizophila_ATCC_9341	680	0.896000
Kocuria_rhizophila_ATCC_9341	679	1.118590
Kocuria_rhizophila_ATCC_9341	677	1.255627
Kocuria_rhizophila_ATCC_9341	676	1.256039
Kocuria_rhizophila_ATCC_9341	675	1.583871
Kocuria_rhizophila_ATCC_9341	674	0.904685
Kocuria_rhizophila_ATCC_9341	672	1.403566
Kocuria_rhizophila_ATCC_9341	671	1.474026
Kocuria_rhizophila_ATCC_9341	668	1.309951
Kocuria_rhizophila_ATCC_9341	646	1.161501
Kocuria_rhizophila_ATCC_9341	667	1.173203
Kocuria_rhizophila_ATCC_9341	667	1.021242
Kocuria_rhizophila_ATCC_9341	665	1.371522
Kocuria_rhizophila_ATCC_9341	656	1.077815
Kocuria_rhizophila_ATCC_9341	655	1.378333
Kocuria_rhizophila_ATCC_9341	655	1.071667
Kocuria_rhizophila_ATCC_9341	654	0.969950
Kocuria_rhizophila_ATCC_9341	654	0.843072
Kocuria_rhizophila_ATCC_9341	650	1.376884
Kocuria_rhizophila_ATCC_9341	650	1.206723
Kocuria_rhizophila_ATCC_9341	647	2.092905
Kocuria_rhizophila_ATCC_9341	647	1.548986
Kocuria_rhizophila_ATCC_9341	646	1.544839
Kocuria_rhizophila_ATCC_9341	634	0.907216
Kocuria_rhizophila_ATCC_9341	635	1.494828
Kocuria_rhizophila_ATCC_9341	632	1.492201
Kocuria_rhizophila_ATCC_9341	624	1.063269
Kocuria_rhizophila_ATCC_9341	618	1.433393
Kocuria_rhizophila_ATCC_9341	616	1.338681
Kocuria_rhizophila_ATCC_9341	615	1.398214
Kocuria_rhizophila_ATCC_9341	615	1.266071
Kocuria_rhizophila_ATCC_9341	610	0.942342
Kocuria_rhizophila_ATCC_9341	607	1.463768
Kocuria_rhizophila_ATCC_9341	605	1.369091
Kocuria_rhizophila_ATCC_9341	591	1.100365
Kocuria_rhizophila_ATCC_9341	603	0.937956
Kocuria_rhizophila_ATCC_9341	594	1.233766
Kocuria_rhizophila_ATCC_9341	592	1.549348
Kocuria_rhizophila_ATCC_9341	584	1.223062
Kocuria_rhizophila_ATCC_9341	582	1.423150
Kocuria_rhizophila_ATCC_9341	548	1.532319
Kocuria_rhizophila_ATCC_9341	579	1.255725
Kocuria_rhizophila_ATCC_9341	575	1.282692
Kocuria_rhizophila_ATCC_9341	565	0.978431
Kocuria_rhizophila_ATCC_9341	563	1.358268
Kocuria_rhizophila_ATCC_9341	551	1.538306
Kocuria_rhizophila_ATCC_9341	549	1.315789
Kocuria_rhizophila_ATCC_9341	543	1.256148
Kocuria_rhizophila_ATCC_9341	543	0.795082
Kocuria_rhizophila_ATCC_9341	540	1.323711
Kocuria_rhizophila_ATCC_9341	539	1.316116
Kocuria_rhizophila_ATCC_9341	535	1.225000
Kocuria_rhizophila_ATCC_9341	526	1.174098
Kocuria_rhizophila_ATCC_9341	524	0.980810
Kocuria_rhizophila_ATCC_9341	524	0.953092
Kocuria_rhizophila_ATCC_9341	521	0.693133
Kocuria_rhizophila_ATCC_9341	502	1.277419
Kocuria_rhizophila_ATCC_9341	519	0.939785
Kocuria_rhizophila_ATCC_9341	519	1.127155
Kocuria_rhizophila_ATCC_9341	519	1.064655
Kocuria_rhizophila_ATCC_9341	513	1.388646
Kocuria_rhizophila_ATCC_9341	513	1.043668
Kocuria_rhizophila_ATCC_9341	512	1.091904
Kocuria_rhizophila_ATCC_9341	512	0.997812
Kocuria_rhizophila_ATCC_9341	511	1.438596
Kocuria_rhizophila_ATCC_9341	510	1.257143
Kocuria_rhizophila_ATCC_9341	508	1.278146
Kocuria_rhizophila_ATCC_9341	505	0.866667
Kocuria_rhizophila_ATCC_9341	504	1.048998
Kocuria_rhizophila_ATCC_9341	503	1.839286
Kocuria_rhizophila_ATCC_9341	502	1.554810
Kocuria_rhizophila_ATCC_9341	501	1.394619
Kocuria_rhizophila_ATCC_9341	500	1.080899
Kocuria_rhizophila_ATCC_9341	500	1.074157
